,Symbol
0,MSFT
1,AAPL
2,NVDA
3,AMZN
4,META
5,GOOGL
6,GOOG
7,AVGO
8,TSLA
9,ASML
10,COST
11,AMD
12,NFLX
13,PEP
14,ADBE
15,LIN
16,AZN
17,CSCO
18,TMUS
19,QCOM
20,INTU
21,INTC
22,PDD
23,CMCSA
24,AMAT
25,TXN
26,AMGN
27,ISRG
28,ARM
29,HON
30,LRCX
31,BKNG
32,SNY
33,ABNB
34,VRTX
35,MU
36,REGN
37,SBUX
38,ADP
39,MDLZ
40,ADI
41,KLAC
42,GILD
43,PANW
44,SNPS
45,CDNS
46,CRWD
47,EQIX
48,MELI
49,CME
50,CSX
51,MAR
52,WDAY
53,PYPL
54,NTES
55,ORLY
56,CTAS
57,PCAR
58,MNST
59,COIN
60,NXPI
61,ROP
62,LULU
63,MRVL
64,ADSK
65,DASH
66,CEG
67,CPRT
68,SMCI
69,FTNT
70,DXCM
71,TEAM
72,ROST
73,MCHP
74,CHTR
75,ODFL
76,IBKR
77,FAST
78,PAYX
79,JD
80,IDXX
81,AEP
82,KHC
83,GEHC
84,KDP
85,DDOG
86,TTD
87,MRNA
88,CSGP
89,CTSH
90,CINF
91,EXC
92,BIDU
93,LI
94,EA
95,NDAQ
96,ACGL
97,FANG
98,VRSK
99,CDW
100,BKR
101,RYAAY
102,CCEP
103,MPWR
104,ON
105,BIIB
106,ANSS
107,ZS
108,XEL
109,GFS
110,TCOM
111,WTW
112,DLTR
113,TSCO
114,ICLR
115,SYM
116,EBAY
117,TROW
118,MSTR
119,MDB
120,ULTA
121,TTWO
122,FITB
123,ALGN
124,MBLY
125,APP
126,AXON
127,VOD
128,SBAC
129,FCNCA
130,PTC
131,KSPI
132,STLD
133,TW
134,DKNG
135,NTAP
136,BNTX
137,WBD
138,ERIE
139,ILMN
140,CELH
141,ARGX
142,ENTG
143,ZM
144,COO
145,JBHT
146,LPLA
147,PFG
148,WDC
149,GMAB
150,HBAN
151,CHKP
152,VRSN
153,EXPE
154,ALNY
155,STX
156,WBA
157,RPRX
158,OKTA
159,HOLX
160,NTRS
161,WMG
162,ERIC
163,SWKS
164,CG
165,AKAM
166,TPG
167,TER
168,HOOD
169,BGNE
170,FSLR
171,BMRN
172,SSNC
173,NICE
174,POOL
175,TRMB
176,LOGI
177,MANH
178,ENPH
179,NTNX
180,NDSN
181,SAIA
182,BSY
183,UAL
184,SIRI
185,ZBRA
186,HST
187,LECO
188,FWONK
189,VTRS
190,XP
191,NBIX
192,LKQ
193,GEN
194,INCY
195,MORN
196,BRKR
197,AZPN
198,GRAB
199,LNT
200,JKHY
201,HTHT
202,GLPI
203,MEDP
204,PAA
205,ARCC
206,DOCU
207,EVRG
208,LAMR
209,SRPT
210,PODD
211,CASY
212,AFRM
213,FIVE
214,FLEX
215,VFS
216,EXAS
217,MNDY
218,TECH
219,CHK
220,CYBR
221,NTRA
222,WYNN
223,UTHR
224,REG
225,RIVN
226,RGEN
227,QRVO
228,LEGN
229,DOX
230,OTEX
231,SWAV
232,LSCC
233,EWBC
234,TXRH
235,FFIV
236,WING
237,APA
238,CART
239,DUOL
240,CFLT
241,NWSA
242,TTEK
243,MTCH
244,HSIC
245,AAL
246,PCTY
247,ALAB
248,ROKU
249,LNW
250,SEIC
251,ESLT
252,CZR
253,GTLB
254,WWD
255,WSC
256,CHDN
257,CHRW
258,BZ
259,CROX
260,WFRD
261,GNTX
262,Z
263,DBX
264,MKSI
265,NXT
266,ASND
267,MKTX
268,APPF
269,MIDD
270,ETSY
271,WIX
272,COKE
273,ROIV
274,FUTU
275,PPC
276,DSGX
277,JAZZ
278,AMKR
279,VKTX
280,CERE
281,LYFT
282,OLED
283,PARA
284,FSV
285,HAS
286,PCVX
287,IEP
288,RGLD
289,UFPI
290,FOXA
291,CCCS
292,SOFI
293,EXEL
294,MMYT
295,ACHC
296,CHRD
297,CGNX
298,MASI
299,LBRDK
300,HQY
301,ENSG
302,AAON
303,CYTK
304,CACC
305,XRAY
306,MAT
307,ALTR
308,YNDX
309,SPSC
310,MTSI
311,AGNC
312,APLS
313,CBSH
314,LSTR
315,VNOM
316,RMBS
317,SAIC
318,CHX
319,ITCI
320,FOX
321,LCID
322,PNFP
323,FTAI
324,SFM
325,NFE
326,SIGI
327,LSXMK
328,NOVT
329,IONS
330,QLYS
331,BPOP
332,GLBE
333,ZION
334,WTFC
335,ZI
336,MARA
337,NSIT
338,CIGI
339,BECN
340,REYN
341,RRR
342,CRSP
343,HLNE
344,DRS
345,LFUS
346,BOKF
347,TENB
348,FYBR
349,OPCH
350,CWST
351,LANC
352,NXST
353,FRSH
354,RCM
355,HCP
356,FCFS
357,PEGA
358,BPMC
359,FRPT
360,VRNS
361,ALGM
362,MDGL
363,ASO
364,BBIO
365,STNE
366,BRZE
367,NVMI
368,EXLS
369,LOT
370,HALO
371,RVMD
372,NWS
373,NUVL
374,BILI
375,BCPC
376,EEFT
377,OZK
378,ONB
379,COOP
380,DOOO
381,CRUS
382,SRCL
383,KRYS
384,ACT
385,PTEN
386,FELE
387,FROG
388,OLLI
389,COLM
390,UBSI
391,SLM
392,DLO
393,ALKS
394,VERX
395,ESGR
396,IMVT
397,IAC
398,FIVN
399,TXG
400,FIZZ
401,IPAR
402,FFIN
403,SBNY
404,CRVL
405,FRHC
406,CVLT
407,PECO
408,AVT
409,MMSI
410,SLAB
411,AVAV
412,IOVA
413,CNXC
414,CAR
415,IPGP
416,ITRI
417,EXPO
418,ALVO
419,URBN
420,LNTH
421,LOPE
422,IBRX
423,VRRM
424,BGC
425,CLSK
426,NVEI
427,POWI
428,IQ
429,RELY
430,VLY
431,UMBF
432,INSM
433,COLB
434,BL
435,ACLX
436,RARE
437,TRIP
438,STEP
439,SYNA
440,APGE
441,BLKB
442,WEN
443,HWC
444,SATS
445,AUR
446,WIRE
447,SEDG
448,AXSM
449,GT
450,CBAY
451,SWTX
452,ACLS
453,TSEM
454,CSWI
455,ALRM
456,CAMT
457,PCH
458,FTRE
459,AEIS
460,SGRY
461,CRNX
462,FOLD
463,PAGP
464,PGNY
465,BRP
466,TFSL
467,AXNX
468,ARWR
469,LBTYK
470,PYCR
471,RDNT
472,IBOC
473,NCNO
474,ACIW
475,WDFC
476,OTTR
477,PSNY
478,STRL
479,NEOG
480,SBRA
481,CRDO
482,PI
483,SANM
484,SRAD
485,SMPL
486,IDYA
487,SHC
488,TIGO
489,XENE
490,LITE
491,ABCB
492,AZTA
493,IRTC
494,FORM
495,CVCO
496,MQ
497,IRDM
498,NWL
499,SPT
500,QFIN
501,RPD
502,QDEL
503,MLTX
504,VC
505,RIOT
506,RUSHA
507,IMCR
508,IOSP
509,FLYW
510,TRMD
511,MLCO
512,ACVA
513,ARCB
514,ACAD
515,BHF
516,LIVN
517,DIOD
518,DNLI
519,VIRT
520,GGAL
521,MEOH
522,HCM
523,CALM
524,UCBI
525,SHOO
526,AMED
527,OLK
528,ARVN
529,NWE
530,MGRC
531,CCOI
532,LBTYA
533,ZG
534,OMAB
535,ZD
536,DORM
537,GSHD
538,BANF
539,INDV
540,TCBI
541,ICFI
542,BEAM
543,CERT
544,LSXMA
545,ROAD
546,GO
547,APPN
548,CATY
549,FHB
550,MYRG
551,HELE
552,KLIC
553,JJSF
554,MGEE
555,PENN
556,CLDX
557,MOR
558,FIBK
559,SKYW
560,GBDC
561,SMMT
562,LLYVK
563,GDRX
564,LGIH
565,FLNC
566,ATAT
567,INTR
568,NTLA
569,IART
570,AVDX
571,VCTR
572,EVO
573,IDCC
574,NARI
575,MRUS
576,ALPN
577,WSFS
578,HUBG
579,CSQ
580,RXRX
581,PLTK
582,GLNG
583,PINC
584,KTOS
585,ARLP
586,PLAY
587,PATK
588,INTA
589,SIMO
590,PLXS
591,STRA
592,LZ
593,CORT
594,RCKT
595,FULT
596,CARG
597,GOGL
598,NMIH
599,RUN
600,BLMN
601,DRVN
602,ODD
603,PSMT
604,CGON
605,PRVA
606,PRCT
607,KYMR
608,SOUN
609,PDCO
610,PTVE
611,TMDX
612,FTDR
613,WERN
614,VERA
615,JBLU
616,CMPR
617,PLUG
618,KROS
619,CVBF
620,RYTM
621,ROCK
622,LFST
623,TGTX
624,SFNC
625,EBC
626,PZZA
627,ICUI
628,SONO
629,ALKT
630,OSIS
631,GTX
632,PRGS
633,FA
634,WAFD
635,CLBT
636,RNA
637,RNW
638,UPST
639,WB
640,DYN
641,JAMF
642,HTZ
643,PSEC
644,PTCT
645,GLPG
646,IESC
647,RUM
648,PPBI
649,NMRA
650,VSAT
651,MLKN
652,HEES
653,VCEL
654,LAUR
655,GH
656,INDB
657,AGYS
658,SNEX
659,PAX
660,VIAV
661,XRX
662,PRFT
663,TNDM
664,AMPH
665,SBCF
666,FFBC
667,SHLS
668,PLUS
669,MRVI
670,ENLT
671,HPK
672,PLMR
673,TWST
674,AMBA
675,ARHS
676,FOXF
677,TOWN
678,DNUT
679,FRME
680,OPEN
681,CENTA
682,JANX
683,GERN
684,SITM
685,ARRY
686,AY
687,SBLK
688,ASTH
689,MYGN
690,AFYA
691,CPRX
692,VRNT
693,NEO
694,HLMN
695,NAMS
696,RKLB
697,SANA
698,SNDX
699,VECO
700,CRTO
701,UCTT
702,YY
703,STAA
704,SDGR
705,BATRK
706,HRMY
707,NMRK
708,SUPN
709,NAVI
710,ANDE
711,ATEC
712,TBBK
713,ODP
714,AMRX
715,CAKE
716,UPBD
717,MGPI
718,MBIN
719,IBTX
720,TFIN
721,ARDX
722,PLAB
723,RXST
724,GPCR
725,EYE
726,FUSN
727,ACMR
728,INMD
729,UDMY
730,NWLI
731,PAYO
732,HURN
733,MORF
734,CLBK
735,UFPT
736,GTI
737,CNXN
738,SPNS
739,WSBC
740,UPWK
741,USLM
742,ZLAB
743,THRM
744,EVCM
745,AGIO
746,GCMG
747,PTGX
748,AKRO
749,VCYT
750,KURA
751,VEON
752,FDMT
753,VICR
754,INBX
755,LKFN
756,POWL
757,MRCY
758,STGW
759,ADUS
760,PTON
761,TRMK
762,DSGR
763,ROIC
764,NBTB
765,GRFS
766,ULCC
767,IRON
768,NVEE
769,DWAC
770,BANR
771,DWACU
772,DVAX
773,HWKN
774,HOLI
775,EWTX
776,DCBO
777,AMWD
778,GDS
779,IAS
780,BTSG
781,NTCT
782,CHCO
783,OCSL
784,AUTL
785,CBRL
786,STER
787,CSGS
788,TLRY
789,EXTR
790,AVDL
791,MGNI
792,LMAT
793,UNIT
794,MXL
795,MRTN
796,OCUL
797,EFSC
798,SKWD
799,AVPT
800,CHEF
801,EXPI
802,NVCR
803,FWRG
804,CVIIU
805,SYRE
806,COHU
807,AHCO
808,HTLF
809,XPEL
810,ATRC
811,NEXT
812,HLIT
813,ADMA
814,TTMI
815,SMTC
816,FWONA
817,NWBI
818,ANIP
819,NWTN
820,NSSC
821,EVBG
822,FBNC
823,IMKTA
824,SLNO
825,COCO
826,IRWD
827,BMBL
828,ENVX
829,GPRE
830,KNSA
831,PCRX
832,JACK
833,AMPL
834,SGML
835,XNCR
836,ESTA
837,ABCL
838,VIR
839,OPRA
840,PRTA
841,KFRC
842,GYRE
843,MCRI
844,ADV
845,CIFR
846,SYBT
847,ANGI
848,HOPE
849,DMLP
850,PLYA
851,PWP
852,KALU
853,BLTE
854,PDFS
855,ACDC
856,BASE
857,MNKD
858,PHVS
859,APOG
860,FBYD
861,LGND
862,OSW
863,BUSE
864,TBLA
865,VRNA
866,GIII
867,LESL
868,ALGT
869,IMNM
870,SGH
871,OMCL
872,DAWN
873,SRRK
874,DCPH
875,WABC
876,CRSR
877,MIRM
878,NMFC
879,TARS
880,VSEC
881,FORTY
882,DH
883,CASH
884,CSIQ
885,SRCE
886,ARQT
887,JBSS
888,IMTX
889,COLL
890,WINA
891,OLPX
892,ICHR
893,CMCO
894,INFN
895,KRUS
896,LQDA
897,MDXG
898,STBA
899,INDI
900,SAFT
901,NRDS
902,SAGE
903,GCT
904,CENX
905,TCBK
906,MRNO
907,SEAT
908,PUBM
909,PRDO
910,EYPT
911,OXLC
912,ADEA
913,CLMT
914,CNTA
915,QQQX
916,TRML
917,IMOS
918,MOMO
919,VRDN
920,BCRX
921,SCHL
922,KYTX
923,EH
924,VERV
925,BLBD
926,TASK
927,SVC
928,CRCT
929,CRGX
930,GOGO
931,TRUP
932,RGNX
933,ECPG
934,BCYC
935,SCSC
936,DGII
937,LILAK
938,SLN
939,CRML
940,VBTX
941,ETNB
942,TRS
943,RPAY
944,PERI
945,LLYVA
946,RLAY
947,LBRDA
948,CSWC
949,SP
950,PACB
951,PCT
952,PFBC
953,PTLO
954,LAB
955,PEBO
956,SCRM
957,GDEN
958,GDYN
959,TRNS
960,CPLP
961,SASR
962,CRAI
963,QCRH
964,CVII
965,PARAA
966,PRAA
967,ZNTL
968,NGMS
969,ORIC
970,QTRX
971,AMSF
972,NYAX
973,GABC
974,RBCAA
975,NRC
976,MGNX
977,TILE
978,VITL
979,MFIC
980,SAVA
981,VMEO
982,HIMX
983,ASTE
984,ABVX
985,QNST
986,HTLD
987,INVA
988,OCFC
989,BTDR
990,TTGT
991,ULH
992,TH
993,MSEX
994,CHY
995,TYRA
996,HCSG
997,MNRO
998,TNGX
999,ALHC
1000,CRON
1001,PLRX
1002,MATW
1003,SCVL
1004,SHEN
1005,ARCT
1006,GSM
1007,WEST
1008,XMTR
1009,PRME
1010,KC
1011,LPRO
1012,KRNT
1013,CTKB
1014,SLP
1015,TCPC
1016,HIBB
1017,SABR
1018,WALD
1019,ERII
1020,ATXS
1021,SBSI
1022,BRKL
1023,EOLS
1024,OPAL
1025,CHI
1026,RUSHB
1027,EXAI
1028,BLDP
1029,DXPE
1030,BFC
1031,BJRI
1032,NVTS
1033,AVO
1034,NKLA
1035,FATE
1036,SPRY
1037,ASTL
1038,BITF
1039,SSRM
1040,WRLD
1041,MBUU
1042,CGBD
1043,RDWR
1044,SLRC
1045,ATSG
1046,KARO
1047,BIOX
1048,SWBI
1049,SCRMU
1050,HSTM
1051,BLFS
1052,BBSI
1053,SLRN
1054,HUT
1055,SSYS
1056,HLVX
1057,LBAI
1058,CONXU
1059,FUFU
1060,ELVN
1061,TWKS
1062,EWCZ
1063,CECO
1064,WKME
1065,STKL
1066,THRY
1067,CYRX
1068,KELYA
1069,CABA
1070,ENGN
1071,ABL
1072,SBGI
1073,TMCI
1074,FBMS
1075,CFFN
1076,ATRI
1077,HAYN
1078,ROOT
1079,ACCD
1080,ZYME
1081,ZEUS
1082,PRTC
1083,WVE
1084,HAIN
1085,LAZR
1086,EU
1087,IMXI
1088,CNOB
1089,ALLO
1090,RDFN
1091,METC
1092,FMBH
1093,AUPH
1094,IIIV
1095,SILK
1096,EMBC
1097,RMR
1098,EVGO
1099,LBPH
1100,PRAX
1101,ASTS
1102,DCOM
1103,PHAR
1104,APLT
1105,CTBI
1106,AMAL
1107,OFLX
1108,SNCY
1109,ALTI
1110,HA
1111,NNDM
1112,AVTE
1113,CNDT
1114,FWRD
1115,COGT
1116,VREX
1117,PFC
1118,ARKO
1119,WULF
1120,BWMX
1121,SPTN
1122,FLWS
1123,MNMD
1124,ECX
1125,TVGN
1126,TRIN
1127,CVAC
1128,YMAB
1129,NVAX
1130,SVRA
1131,HCKT
1132,EGBN
1133,CDLX
1134,TIGR
1135,CGEM
1136,NYMT
1137,CFB
1138,INNV
1139,MLYS
1140,HSII
1141,PGY
1142,SIBN
1143,AMRK
1144,CCRN
1145,FLGT
1146,OLMA
1147,NRIX
1148,KIDS
1149,CCAP
1150,EDIT
1151,ATEX
1152,HFWA
1153,DADA
1154,SVA
1155,MERC
1156,ANAB
1157,NNOX
1158,HSAI
1159,DDI
1160,TIPT
1161,CASS
1162,BWMN
1163,OABI
1164,DSP
1165,CMPS
1166,SLAMU
1167,NKTX
1168,PLPC
1169,LVRO
1170,SNPO
1171,SIGA
1172,RILY
1173,CRNC
1174,GSBC
1175,OPK
1176,FIP
1177,OSBC
1178,FCBC
1179,VINP
1180,AIRJ
1181,QRTEP
1182,BELFB
1183,SDA
1184,TITN
1185,LXRX
1186,DMRC
1187,OTLY
1188,IGIC
1189,HBT
1190,MNTK
1191,CCCC
1192,WOOF
1193,MCBS
1194,MTTR
1195,AOSL
1196,FULC
1197,LASR
1198,ALXO
1199,MGIC
1200,PNTG
1201,EVER
1202,DHC
1203,CHUY
1204,MBWM
1205,BRY
1206,ALEC
1207,CORZ
1208,UVSP
1209,TVTX
1210,CCD
1211,AVBP
1212,CLNE
1213,MRSN
1214,CHSCO
1215,EZPW
1216,MITK
1217,CVLG
1218,NBBK
1219,FDUS
1220,IGMS
1221,GLDD
1222,TALK
1223,FRPH
1224,NGNE
1225,BIGC
1226,MKTW
1227,AMCX
1228,GHRS
1229,CALT
1230,LNZA
1231,ITRN
1232,APLD
1233,IRMD
1234,KRT
1235,BMEA
1236,MLAB
1237,BFST
1238,VYGR
1239,LUNR
1240,CSTL
1241,ABSI
1242,ALNT
1243,CGNT
1244,UFCS
1245,GHIXU
1246,AAOI
1247,TSHA
1248,ADSE
1249,CEVA
1250,IREN
1251,CHSCL
1252,LQDT
1253,HDSN
1254,CENT
1255,TAST
1256,HEPS
1257,HBNC
1258,LRMR
1259,AGNCP
1260,GOOD
1261,EVLV
1262,SKIN
1263,ZJYL
1264,NN
1265,MSBI
1266,ICG
1267,PHAT
1268,TREE
1269,LILM
1270,BYND
1271,SCWX
1272,VTYX
1273,RVNC
1274,OFIX
1275,HPH
1276,TRST
1277,SPWR
1278,RBBN
1279,KE
1280,RICK
1281,PLSE
1282,FCEL
1283,ISPR
1284,CDNA
1285,TMC
1286,KRRO
1287,ATRO
1288,LYEL
1289,ACTG
1290,CCB
1291,KALV
1292,CATC
1293,LEGH
1294,CVGW
1295,TBLD
1296,IBCP
1297,REAX
1298,CMPO
1299,URGN
1300,HTBK
1301,YORW
1302,CHSCM
1303,DJCO
1304,BAND
1305,GRVY
1306,LWLG
1307,NCMI
1308,PETQ
1309,PAHC
1310,ACIC
1311,CNSL
1312,VTRU
1313,ALT
1314,CRESY
1315,SLDB
1316,TTEC
1317,REPL
1318,GAIN
1319,RDUS
1320,AMNB
1321,CRBU
1322,MRNS
1323,VALN
1324,SMBC
1325,ADPT
1326,ATNI
1327,LMB
1328,RSVR
1329,FMNB
1330,AMSC
1331,RWAY
1332,OSUR
1333,PEPG
1334,CBUS
1335,RMGCU
1336,BTMD
1337,DENN
1338,GRPN
1339,CCBG
1340,HCAT
1341,LIND
1342,LAND
1343,CAC
1344,AVAH
1345,TSAT
1346,SKYT
1347,MXCT
1348,FITBI
1349,HAFC
1350,CWCO
1351,LFMD
1352,CTLP
1353,IPHA
1354,ANNX
1355,JOUT
1356,BHFAN
1357,HRTX
1358,LSEA
1359,ABUS
1360,ZIMV
1361,HONE
1362,BVS
1363,GDEV
1364,NTGR
1365,DRCT
1366,GLAD
1367,ATLC
1368,QRTEA
1369,CHSCN
1370,GCBC
1371,AVNW
1372,HTBI
1373,CDMO
1374,STTK
1375,TRDA
1376,THFF
1377,RDZN
1378,BNAI
1379,LYTS
1380,WASH
1381,RGP
1382,ANSC
1383,CVRX
1384,CLOV
1385,GLRE
1386,COOLU
1387,OCS
1388,SLAM
1389,MREO
1390,DAKT
1391,TBPH
1392,ALRS
1393,AEHR
1394,DHIL
1395,CLFD
1396,CELC
1397,NEGG
1398,CCNE
1399,ADTN
1400,DAVE
1401,SPFI
1402,NFBK
1403,TERN
1404,PGC
1405,BBCP
1406,BATRA
1407,AVXL
1408,ZYXI
1409,DCGO
1410,OSPN
1411,RENB
1412,BHFAP
1413,RCEL
1414,JSPR
1415,CGC
1416,CHW
1417,ACGLN
1418,MGTX
1419,VLGEA
1420,AUDC
1421,FORR
1422,ESGRP
1423,ONEW
1424,CRBP
1425,SHYF
1426,AURA
1427,SRDX
1428,HUMA
1429,NBN
1430,BHRB
1431,MGX
1432,GGR
1433,HNST
1434,ASLE
1435,EPIX
1436,CRMT
1437,FBLG
1438,CAN
1439,MODV
1440,FSBC
1441,ESQ
1442,AKBA
1443,ESPR
1444,NVEC
1445,FARO
1446,CSTR
1447,BLZE
1448,LXEO
1449,AROW
1450,TWLVU
1451,BHFAO
1452,DNTH
1453,KRNY
1454,SNDL
1455,NYXH
1456,AGNCO
1457,SWIM
1458,ITOS
1459,CHSCP
1460,BPYPM
1461,DSKE
1462,MCFT
1463,TCMD
1464,DGICA
1465,NPCE
1466,PRCH
1467,HBANP
1468,AMSWA
1469,SMMF
1470,TNYA
1471,IVCBU
1472,JFIN
1473,MTC
1474,WLDN
1475,BOOM
1476,RXT
1477,HRZN
1478,REAL
1479,ANIK
1480,THRD
1481,GLUE
1482,HROW
1483,SHBI
1484,HIFS
1485,ORGO
1486,NATR
1487,AMRN
1488,VALU
1489,MOFG
1490,LUNG
1491,VMD
1492,INZY
1493,SEZL
1494,NTRSO
1495,PBPB
1496,MTRX
1497,PTSI
1498,PGEN
1499,NEXN
1500,LMNR
1501,CERS
1502,QIWI
1503,HCVIU
1504,RRBI
1505,FFIC
1506,MVIS
1507,LOVE
1508,PKOH
1509,ANSCU
1510,DOMO
1511,PROC
1512,IVVD
1513,SMXT
1514,GPRO
1515,BETR
1516,LX
1517,MPB
1518,SHCR
1519,MYPS
1520,PROK
1521,BCSAU
1522,EGHT
1523,IPX
1524,NWPX
1525,GAMB
1526,JZXN
1527,FNKO
1528,NAUT
1529,UHG
1530,AIRS
1531,PLMIU
1532,ARTNA
1533,SPOK
1534,KMDA
1535,FRBA
1536,MCBC
1537,HCMAU
1538,ANL
1539,HIVE
1540,AGNCN
1541,TCRX
1542,AXGN
1543,AVIR
1544,KRNLU
1545,RBB
1546,AQST
1547,ACABU
1548,GPACU
1549,IPXXU
1550,ADAP
1551,SOHU
1552,SSP
1553,IPXX
1554,GUTS
1555,HBANL
1556,PPYAU
1557,IPSC
1558,GILT
1559,PANL
1560,ACIU
1561,POWW
1562,SOPH
1563,BWB
1564,SMTI
1565,VSTA
1566,LINC
1567,NETDU
1568,GATEU
1569,TRUE
1570,CCG
1571,LYRA
1572,OCGN
1573,NETD
1574,WLFC
1575,ERAS
1576,NODK
1577,ADVM
1578,GENK
1579,PWUPU
1580,CLMB
1581,EBTC
1582,ACGLO
1583,TGAN
1584,SNBR
1585,TTSH
1586,BTSGU
1587,XERS
1588,BYRN
1589,JRVR
1590,TLS
1591,ACNB
1592,ENTA
1593,ITIC
1594,GAMCU
1595,BRKHU
1596,GOSS
1597,KOD
1598,ALTUU
1599,HEAR
1600,CDRO
1601,RAPT
1602,SLMBP
1603,GWRS
1604,NVX
1605,LSXMB
1606,ADTH
1607,PMGMU
1608,FENC
1609,COMM
1610,UROY
1611,CPZ
1612,VSTM
1613,SENEA
1614,MTLS
1615,FRST
1616,FBIZ
1617,BLEUU
1618,REFI
1619,RMNI
1620,PFIS
1621,ZUMZ
1622,BRLT
1623,SERA
1624,FISI
1625,NBTX
1626,CARE
1627,ONYXU
1628,IHRT
1629,APPS
1630,IMMP
1631,LGVCU
1632,PIII
1633,VNET
1634,PYXS
1635,NAAS
1636,HBCP
1637,SFIX
1638,WHF
1639,WEYS
1640,WTBA
1641,WTFCP
1642,OPT
1643,PSTX
1644,XOMA
1645,ARRWU
1646,CZNC
1647,HMST
1648,CBNK
1649,VBNK
1650,IVCAU
1651,CCSI
1652,ATAI
1653,UNTY
1654,NATH
1655,FMAO
1656,AISP
1657,ORRF
1658,AFRI
1659,CHRS
1660,EDAP
1661,LOCO
1662,FDBC
1663,IBEX
1664,SGC
1665,FHTX
1666,FSTR
1667,INBK
1668,PFTAU
1669,MVBF
1670,SLDP
1671,PEGRU
1672,BSRR
1673,EMLDU
1674,BLNK
1675,TCBX
1676,BCAL
1677,PUCKU
1678,FCNCP
1679,RGTI
1680,BTBT
1681,CMPX
1682,PRLH
1683,SBT
1684,NPABU
1685,QSI
1686,QDROU
1687,NRIM
1688,LILA
1689,GRTS
1690,BMRC
1691,STOK
1692,AFCG
1693,ILPT
1694,CLAR
1695,BLUE
1696,MCAAU
1697,PRLD
1698,FHLTU
1699,PLMJU
1700,MESO
1701,NEWT
1702,IRAAU
1703,AIP
1704,HOWL
1705,PPTA
1706,JAKK
1707,FSBW
1708,BOCN
1709,LGCL
1710,OBT
1711,FANH
1712,JSM
1713,API
1714,JMSB
1715,ARAY
1716,PLAOU
1717,ESEA
1718,LE
1719,RENEU
1720,TLGYU
1721,CDT
1722,LNKB
1723,FNLC
1724,USCTU
1725,SGHT
1726,PLAO
1727,SFST
1728,CRNT
1729,UTMD
1730,BSVN
1731,BROG
1732,INSE
1733,INO
1734,AEAEU
1735,RDVT
1736,TCBIO
1737,ZVRA
1738,SKGRU
1739,CMCAU
1740,QURE
1741,ZEO
1742,RIGL
1743,THCPU
1744,IMAQU
1745,CITEU
1746,HOFT
1747,NOTV
1748,AKYA
1749,FIACU
1750,XFINU
1751,DPCSU
1752,CDXS
1753,NNBR
1754,QUIK
1755,SIFY
1756,VMCAU
1757,SVII
1758,CTRN
1759,TRVI
1760,APEI
1761,INAQU
1762,DOYU
1763,FLIC
1764,IVCPU
1765,PBFS
1766,HLXB
1767,PLMJ
1768,CGEN
1769,BHACU
1770,TLSI
1771,IRBT
1772,BDTX
1773,IXAQU
1774,ABOS
1775,RENE
1776,TGAAU
1777,PRTH
1778,IMMR
1779,DIBS
1780,PLL
1781,OMER
1782,GLSI
1783,OPTX
1784,OZKAP
1785,STI
1786,HAIAU
1787,CIVB
1788,BCML
1789,WSBF
1790,FGEN
1791,TSVT
1792,AGNCM
1793,AGEN
1794,IONR
1795,LSAK
1796,FITBO
1797,MVST
1798,BHFAM
1799,SMID
1800,SSBK
1801,CDXC
1802,OPRX
1803,KOPN
1804,FUND
1805,BLFY
1806,GOCO
1807,MASS
1808,PCB
1809,ME
1810,PCYO
1811,NA
1812,INVZ
1813,IVCB
1814,CDAQU
1815,PBYI
1816,SCLX
1817,BAER
1818,CVCY
1819,CNGLU
1820,SWKH
1821,PFMT
1822,ASPI
1823,ANGO
1824,RPTX
1825,WGS
1826,CRDF
1827,ALCO
1828,SVIIU
1829,USCB
1830,AXTI
1831,LBTYB
1832,ZLSWU
1833,VNDA
1834,CONX
1835,GASS
1836,XBIT
1837,GTACU
1838,CVLY
1839,ASCBU
1840,NWFL
1841,TDUP
1842,NECB
1843,SAMG
1844,DXLG
1845,ARQ
1846,VXRT
1847,TSBK
1848,CAPR
1849,BLDE
1850,PNFPP
1851,GBIO
1852,GWACU
1853,SMLR
1854,MACK
1855,PRLHU
1856,FVCB
1857,TWIN
1858,CZFS
1859,LCUT
1860,CVGI
1861,ASUR
1862,ITI
1863,DRTS
1864,PDLB
1865,RMBL
1866,ELEV
1867,CSPI
1868,VRCA
1869,LCNB
1870,GRIN
1871,ACB
1872,CRMD
1873,INMB
1874,STRO
1875,EOSE
1876,ABEO
1877,BOCNU
1878,PLBC
1879,FREE
1880,DLHC
1881,PROF
1882,RGCO
1883,LANDP
1884,ATOS
1885,BWFG
1886,ALIM
1887,KVACU
1888,CSLMU
1889,QSG
1890,PKBK
1891,GHIX
1892,KVAC
1893,FITBP
1894,AMLX
1895,SCPH
1896,PRQR
1897,EGAN
1898,TCX
1899,MBCN
1900,CHMG
1901,VRA
1902,OVLY
1903,LWAY
1904,PMTS
1905,NWGL
1906,COFS
1907,MCAA
1908,MAQCU
1909,BPRN
1910,USAP
1911,KLTR
1912,AONC
1913,NKSH
1914,SSTI
1915,OVID
1916,CFFSU
1917,RCKY
1918,OGI
1919,GLYC
1920,THCH
1921,MOND
1922,CBAN
1923,TELO
1924,III
1925,TRONU
1926,KNDI
1927,GOEV
1928,OPTN
1929,APXIU
1930,OMGA
1931,MHLD
1932,AUGX
1933,FNVTU
1934,OBIO
1935,HBIO
1936,FFNW
1937,GRPH
1938,SEVN
1939,ISRL
1940,EML
1941,ESCA
1942,WAFDP
1943,JYNT
1944,CLPT
1945,MAMA
1946,BYNOU
1947,INOD
1948,SWSSU
1949,PTWOU
1950,PEGR
1951,RACYU
1952,OB
1953,FCNCO
1954,HNRG
1955,CALB
1956,SNFCA
1957,ATLO
1958,PNRG
1959,RCMT
1960,VOXX
1961,PEPLU
1962,AHG
1963,TUSK
1964,STRS
1965,OXSQ
1966,MFIN
1967,IVCA
1968,LVO
1969,GNFT
1970,CAPT
1971,PTMN
1972,QIPT
1973,GTHX
1974,ESSA
1975,HFFG
1976,NBSTU
1977,RANI
1978,BCBP
1979,CLOEU
1980,CCLP
1981,AACIU
1982,PAYS
1983,TRVG
1984,SHIP
1985,SEPAU
1986,ACET
1987,MAXN
1988,FLXS
1989,MRAM
1990,BZUN
1991,REKR
1992,STHO
1993,HCVI
1994,CDZI
1995,EHTH
1996,PRPL
1997,DLTH
1998,ALDX
1999,VIRC
2000,HQI
2001,NYMTM
2002,PWFL
2003,PLCE
2004,INVE
2005,WW
2006,LBRDP
2007,XFOR
2008,GEOS
2009,VERY
2010,PXLW
2011,SPKL
2012,EM
2013,SHIM
2014,BRKH
2015,CFFI
2016,HYZN
2017,ATOM
2018,GNLX
2019,TROO
2020,WNEB
2021,NKTR
2022,RDCM
2023,GEVO
2024,FLL
2025,DSGN
2026,CPSS
2027,XTKG
2028,EXFY
2029,RGLS
2030,MSSAU
2031,SCWO
2032,SYRS
2033,OCAXU
2034,MITAU
2035,ATLX
2036,KPTI
2037,DHACU
2038,INGN
2039,IVA
2040,CRVO
2041,SANG
2042,ACHV
2043,PVBC
2044,ALCY
2045,OCEA
2046,WAVSU
2047,HBANM
2048,VABK
2049,ISTR
2050,DBVT
2051,NVCT
2052,MRCC
2053,SATL
2054,AMLI
2055,FULTP
2056,CTMX
2057,VCSA
2058,IMAB
2059,MPAA
2060,LFCR
2061,ALCYU
2062,SIGIP
2063,ESHA
2064,ULBI
2065,BELFA
2066,OPBK
2067,PEBK
2068,TZOO
2069,ALTO
2070,FUNC
2071,PDSB
2072,ARBE
2073,FONR
2074,BCSA
2075,BTM
2076,PARAP
2077,BPYPN
2078,TLGY
2079,VERI
2080,FNWB
2081,OTLK
2082,YIBO
2083,SGMO
2084,SGMT
2085,AGNCL
2086,COYA
2087,AMTX
2088,LATGU
2089,QRHC
2090,MDWD
2091,PESI
2092,APACU
2093,MYFW
2094,MAPS
2095,VINC
2096,STKS
2097,WSBCP
2098,ISRLU
2099,YOTAU
2100,BPYPO
2101,ZIONO
2102,MOLN
2103,SGA
2104,PWOD
2105,WISH
2106,MNTX
2107,TETEU
2108,HITI
2109,ACRV
2110,RMBI
2111,PMEC
2112,SFWL
2113,CCTSU
2114,TBRG
2115,HWBK
2116,MNSB
2117,HCMA
2118,FTIIU
2119,ZFOX
2120,TWLV
2121,LOOP
2122,UNB
2123,TPIC
2124,LGVC
2125,GMFIU
2126,ALAR
2127,LIFE
2128,NYMTN
2129,CLLS
2130,AIXI
2131,GALT
2132,ELVA
2133,TELA
2134,BANX
2135,CWBC
2136,RLMD
2137,FCCO
2138,ESOA
2139,LTRX
2140,LUNA
2141,HURC
2142,ALOT
2143,OFS
2144,ALSAU
2145,VMCA
2146,ZURA
2147,GLLIU
2148,WILC
2149,NIU
2150,LIBYU
2151,CFBK
2152,ISSC
2153,BSET
2154,MACAU
2155,GSIW
2156,TAYD
2157,ZTEK
2158,CSTE
2159,BDSX
2160,MBINM
2161,ZLS
2162,KYCHU
2163,CXDO
2164,UBFO
2165,UEIC
2166,NGM
2167,CMBM
2168,KLXE
2169,YI
2170,BFIN
2171,BRLS
2172,STIM
2173,FINW
2174,CZWI
2175,RMGC
2176,FGBI
2177,NTIC
2178,AFARU
2179,MCRB
2180,MBINN
2181,VTNR
2182,FTAIO
2183,FEXDU
2184,SEER
2185,KNTE
2186,ADAG
2187,ONBPO
2188,RNAC
2189,IMUX
2190,INTEU
2191,NPAB
2192,RELL
2193,CTXR
2194,EVGR
2195,FATBP
2196,AREC
2197,VOR
2198,PLMI
2199,GTH
2200,ARQQ
2201,MBINO
2202,ECBK
2203,CLSD
2204,BYSI
2205,TATT
2206,KGEI
2207,AVHIU
2208,ORMP
2209,ABLV
2210,LANDO
2211,GRWG
2212,CELU
2213,ANIX
2214,AEYE
2215,YS
2216,IGTAU
2217,WTFCM
2218,EVGRU
2219,ACAB
2220,BRACU
2221,WMPN
2222,CRGO
2223,MYNA
2224,BVFL
2225,VGAS
2226,FAT
2227,TKNO
2228,FNCB
2229,FRAF
2230,MSBIP
2231,LAKE
2232,SPWH
2233,VIGL
2234,ALLK
2235,BRAG
2236,HTLFP
2237,BCAB
2238,FLFVU
2239,BYNO
2240,OVBC
2241,GIFI
2242,CLRB
2243,AOUT
2244,SSSS
2245,SCTL
2246,CBFV
2247,COOL
2248,WRAP
2249,APXI
2250,FORA
2251,FSFG
2252,VTGN
2253,CDAQ
2254,OM
2255,LGO
2256,FNGR
2257,AOGOU
2258,EPSN
2259,REGCP
2260,PFTA
2261,SKGR
2262,CBRG
2263,MRBK
2264,ESGRO
2265,GMGI
2266,CITE
2267,ONBPP
2268,PROP
2269,WINVU
2270,VANI
2271,SKYX
2272,TGAA
2273,RR
2274,FXNC
2275,HNVR
2276,CPHC
2277,OCCI
2278,VFF
2279,MBTCU
2280,BIRD
2281,IVAC
2282,RFACU
2283,ACNT
2284,EMCGU
2285,METCB
2286,ROCLU
2287,SELX
2288,ARRW
2289,FRLAU
2290,MCAC
2291,LIFW
2292,ABAT
2293,SHOT
2294,BPYPP
2295,FTAIN
2296,LARK
2297,AFBI
2298,CRDL
2299,SFBC
2300,IOBT
2301,FTAIP
2302,DMAC
2303,KRMD
2304,CSLM
2305,VTSI
2306,REGCO
2307,CAAS
2308,INCR
2309,WPRT
2310,HAO
2311,SYT
2312,RRGB
2313,THCP
2314,OPI
2315,TOI
2316,NNAG
2317,RILYM
2318,SPKLU
2319,SY
2320,BRID
2321,VSACU
2322,EBMT
2323,SHLT
2324,CGO
2325,GPAC
2326,SILC
2327,CARM
2328,RWODU
2329,BPOPM
2330,TORO
2331,HGBL
2332,BMR
2333,PETS
2334,FNVT
2335,FNWD
2336,HOVNP
2337,NYMTL
2338,MCACU
2339,ARBK
2340,BEEM
2341,MMLP
2342,LDTC
2343,FTLF
2344,ALSA
2345,EQ
2346,IMPP
2347,GLSTU
2348,GECC
2349,ATMV
2350,PRPH
2351,VLYPP
2352,LPSN
2353,IFRX
2354,RVSB
2355,CNGL
2356,PWUP
2357,TENKU
2358,MARX
2359,TENK
2360,ASRT
2361,VOXR
2362,KVHI
2363,CMTL
2364,FEIM
2365,PROV
2366,DUETU
2367,BWAY
2368,TOP
2369,GODNU
2370,XNET
2371,FEBO
2372,DCTH
2373,QDRO
2374,MDBH
2375,IXAQ
2376,ACACU
2377,PRTS
2378,BOWN
2379,ANTX
2380,BSBK
2381,TBMC
2382,BRNS
2383,ONYX
2384,SPRO
2385,SBFG
2386,UCBIO
2387,LTRN
2388,GODN
2389,ATHA
2390,HSPO
2391,OPRT
2392,KEQU
2393,QUBT
2394,RSSS
2395,GSIT
2396,VLYPO
2397,CBAT
2398,PFX
2399,GLAC
2400,QETAU
2401,CNTY
2402,HMNF
2403,FCAP
2404,STRT
2405,QETA
2406,PMGM
2407,KACLU
2408,CRVS
2409,RBKB
2410,SWIN
2411,RWOD
2412,AIBBU
2413,SRBK
2414,IZM
2415,CLRCU
2416,ZENV
2417,BWAQU
2418,ETON
2419,YTRA
2420,LFVN
2421,AIMBU
2422,CUE
2423,AACI
2424,GLLI
2425,PPYA
2426,SENEB
2427,VAXX
2428,KRNL
2429,AENT
2430,CMRX
2431,AUID
2432,MAYS
2433,SNCR
2434,NOVVU
2435,NB
2436,USCT
2437,DECAU
2438,TMTC
2439,NDLS
2440,FLFV
2441,XFIN
2442,VERU
2443,BLRX
2444,CMCT
2445,PMVP
2446,ALTU
2447,CONN
2448,HHGCU
2449,IMAQ
2450,PASG
2451,ALVR
2452,ARYD
2453,VUZI
2454,DUET
2455,BHAC
2456,BTAI
2457,ACRS
2458,LEE
2459,AITRU
2460,BCOV
2461,ALLT
2462,TPST
2463,DTI
2464,OPOF
2465,BGFV
2466,GAMC
2467,PHUN
2468,PFIE
2469,EMCG
2470,WTO
2471,SND
2472,AEAE
2473,HYPR
2474,FIAC
2475,ASCAU
2476,LIVE
2477,JVSA
2478,TOUR
2479,GNSS
2480,WTMAU
2481,BUJAU
2482,BUJA
2483,OXLCP
2484,PUCK
2485,IMRX
2486,ASCB
2487,AITR
2488,LVTX
2489,LATG
2490,BLEU
2491,ELUT
2492,VTVT
2493,CJET
2494,GOODO
2495,AFJK
2496,LIBY
2497,CNOBP
2498,GLST
2499,COCH
2500,MIST
2501,CETU
2502,BAYAU
2503,PET
2504,NNAGU
2505,TIL
2506,DPCS
2507,REE
2508,GTAC
2509,VIA
2510,AFMD
2511,LUXH
2512,HUDAU
2513,SURG
2514,FEAM
2515,IROH
2516,RFAC
2517,RVPH
2518,KELYB
2519,BAYA
2520,DTIL
2521,GBBK
2522,SLNG
2523,NUTX
2524,WIMI
2525,ELYM
2526,SOTK
2527,CGTX
2528,ORGN
2529,OMEX
2530,CMCA
2531,IRAA
2532,NVNO
2533,PSNL
2534,VSTE
2535,BOWNU
2536,RZLT
2537,GLACU
2538,UPLD
2539,INAQ
2540,FEXD
2541,MGYR
2542,ONCY
2543,ATMC
2544,SCOR
2545,GDST
2546,IKNA
2547,MCAFU
2548,ELTK
2549,CULL
2550,ENLV
2551,CSBR
2552,VIASP
2553,TETE
2554,GNTA
2555,NHTC
2556,SWSS
2557,FTEL
2558,SWVL
2559,TBNK
2560,WKHS
2561,IVCP
2562,EGRX
2563,LINK
2564,BWAQ
2565,UBCP
2566,HSPOU
2567,GRDI
2568,MURA
2569,ATRA
2570,DGICB
2571,MFH
2572,RILYL
2573,FORL
2574,OCAX
2575,SSBI
2576,RTC
2577,GATE
2578,PLBY
2579,BLACU
2580,SIEB
2581,ALGS
2582,INTS
2583,DOGZ
2584,TECTP
2585,XOS
2586,MITA
2587,TSBX
2588,SSNT
2589,MSSA
2590,GMFI
2591,ATMCU
2592,BNR
2593,STIX
2594,FARM
2595,KRON
2596,ACBAU
2597,ASYS
2598,SEPA
2599,ATMVU
2600,FRLA
2601,CDTX
2602,GANX
2603,GAIA
2604,IMMX
2605,CNTB
2606,FTCI
2607,MARXU
2608,DIST
2609,MDXH
2610,OSS
2611,OXLCM
2612,ASMB
2613,NVAC
2614,RAIL
2615,MNOV
2616,USGO
2617,FLUX
2618,ATLCP
2619,PTWO
2620,ASPS
2621,ONDS
2622,MAQC
2623,AUBN
2624,ROCL
2625,MLEC
2626,FTAIM
2627,LPTX
2628,OAKU
2629,KZR
2630,LSBK
2631,CLOE
2632,PPHPU
2633,UCL
2634,UONEK
2635,PPIH
2636,APYX
2637,FHLT
2638,AFAR
2639,DECA
2640,HTIA
2641,WFCF
2642,NBST
2643,GDSTU
2644,RLYB
2645,IPWR
2646,CTCX
2647,DYCQU
2648,TOPS
2649,TCBC
2650,CODA
2651,VBFC
2652,ANEB
2653,AFJKU
2654,EDRY
2655,LVLU
2656,XBP
2657,GRRR
2658,GEG
2659,IROHU
2660,CMLS
2661,HCWB
2662,CRIS
2663,ACAC
2664,IGTA
2665,AIRT
2666,MODD
2667,PDEX
2668,MCHX
2669,LRFC
2670,SRTS
2671,SSIC
2672,AQUNU
2673,BLAC
2674,AKTS
2675,HOOK
2676,OKYO
2677,GAN
2678,AMIX
2679,HAIA
2680,CFFS
2681,CLGN
2682,JVSAU
2683,QMCO
2684,GORV
2685,TYGO
2686,TRON
2687,PBHC
2688,HTIBP
2689,BEAT
2690,EYEN
2691,FTII
2692,MATH
2693,MOBX
2694,BNGO
2695,AVRO
2696,PRE
2697,AIRE
2698,SLS
2699,EBON
2700,ZCAR
2701,OAKUU
2702,AAME
2703,CRWS
2704,STRC
2705,THTX
2706,QOMOU
2707,MBTC
2708,AIRG
2709,BZFD
2710,HHS
2711,OCFCP
2712,ATGL
2713,CLST
2714,CCTS
2715,OXLCN
2716,CETUU
2717,HHGC
2718,FBIOP
2719,GOODN
2720,LPTH
2721,TACT
2722,XAIR
2723,ELTX
2724,INAB
2725,FORLU
2726,ICCM
2727,RPHM
2728,PCTTU
2729,PEPL
2730,IROQ
2731,SDIG
2732,BGXX
2733,PPSI
2734,LOAN
2735,RNLX
2736,STCN
2737,PLTNU
2738,RCAT
2739,EFSCP
2740,NSPR
2741,RACY
2742,ENTX
2743,ZIONP
2744,AADI
2745,PLTN
2746,APLM
2747,NYMTZ
2748,POET
2749,OXLCO
2750,FOSL
2751,NVNI
2752,KTCC
2753,ACHL
2754,FIXX
2755,LRE
2756,SCYX
2757,MNY
2758,BWEN
2759,CLRC
2760,MGRM
2761,WETH
2762,ICU
2763,FUSB
2764,MBINP
2765,RGC
2766,GRYP
2767,BAFN
2768,EGIO
2769,HNNA
2770,ARKR
2771,CLNN
2772,AQMS
2773,NICK
2774,BREZ
2775,AIMAU
2776,CFSB
2777,LANDM
2778,HYMC
2779,GMDA
2780,EMLD
2781,NSTS
2782,PXS
2783,BWBBP
2784,INTG
2785,LUCD
2786,GP
2787,PODC
2788,AQU
2789,UNCY
2790,CARA
2791,QNCX
2792,HSON
2793,BOTJ
2794,OCUP
2795,TLSA
2796,KPLT
2797,VSAC
2798,CCNEP
2799,WTMA
2800,CUBA
2801,SELF
2802,ICCH
2803,HOVR
2804,DYAI
2805,DERM
2806,NKGN
2807,MOGO
2808,OPXS
2809,HUDA
2810,RMTI
2811,AOGO
2812,LEXX
2813,CBRGU
2814,DHAI
2815,GLBS
2816,WINV
2817,LGCB
2818,TARA
2819,LNSR
2820,AGMH
2821,CKPT
2822,DCOMP
2823,DARE
2824,HOUR
2825,BNIX
2826,VCIG
2827,MBNKP
2828,TCBS
2829,CTSO
2830,ASRV
2831,DWSN
2832,DTST
2833,NRXP
2834,ICMB
2835,NCAC
2836,JL
2837,VIOT
2838,CHCI
2839,VIRX
2840,SABS
2841,APM
2842,BOLT
2843,ANGH
2844,INTE
2845,CENN
2846,TURN
2847,INTJ
2848,DGHI
2849,CREX
2850,MCAG
2851,JZ
2852,CADL
2853,MDAI
2854,IXHL
2855,KACL
2856,MACA
2857,CXAI
2858,YOTA
2859,DZSI
2860,CPBI
2861,FSEA
2862,SJ
2863,REFR
2864,CLRO
2865,CUTR
2866,LTBR
2867,KSCP
2868,BCOW
2869,QRTEB
2870,AIB
2871,RPID
2872,EUDA
2873,ACBA
2874,DHAC
2875,USIO
2876,ASCA
2877,CASI
2878,KINS
2879,GAME
2880,LFWD
2881,JFU
2882,CYTH
2883,FTHM
2884,ELDN
2885,ICAD
2886,SUGP
2887,WHLRD
2888,EVGN
2889,DXR
2890,MRKR
2891,AACG
2892,WVVIP
2893,PLUR
2894,TFINP
2895,PXDT
2896,FLNT
2897,CTRM
2898,EFTR
2899,SHFS
2900,ICCC
2901,NXTC
2902,MNDO
2903,FGF
2904,NCSM
2905,IRIX
2906,FEMY
2907,HYW
2908,SYPR
2909,SOND
2910,ICLK
2911,CCTG
2912,OMIC
2913,HUDI
2914,HUIZ
2915,ECOR
2916,CPTN
2917,DRRX
2918,AWRE
2919,NOVV
2920,DRIO
2921,ESLA
2922,CLIR
2923,HYFM
2924,HFBL
2925,WAVS
2926,AERT
2927,YHGJ
2928,IPA
2929,TLF
2930,PMN
2931,CALC
2932,RDI
2933,FCUV
2934,GROW
2935,SNAL
2936,NAII
2937,JRSH
2938,POCI
2939,INSG
2940,BYFC
2941,AWH
2942,BCTX
2943,RAND
2944,LAES
2945,UG
2946,POWWP
2947,DSWL
2948,APRE
2949,XOMAO
2950,EVTV
2951,FBIO
2952,FKWL
2953,FTEK
2954,ALCE
2955,PBBK
2956,IDN
2957,LXEH
2958,STRM
2959,BTOG
2960,OPHC
2961,AVHI
2962,CODX
2963,ARBB
2964,CTNT
2965,CREV
2966,MESA
2967,MCAGU
2968,APAC
2969,VEV
2970,TWOU
2971,BIVI
2972,BRAC
2973,TPCS
2974,AGAE
2975,ECDA
2976,ACXP
2977,USAU
2978,CACO
2979,GREE
2980,NTWK
2981,CERO
2982,RFIL
2983,KIRK
2984,LFMDP
2985,ACST
2986,HOLO
2987,DAIO
2988,IZEA
2989,CVV
2990,NCNC
2991,MSAI
2992,INKT
2993,CURI
2994,CETY
2995,AZ
2996,DFLI
2997,VYNE
2998,KFFB
2999,SPRB
3000,MSS
3001,APCX
3002,MULN
3003,BIMI
3004,ORGS
3005,LICN
3006,NEOV
3007,ABTS
3008,EMKR
3009,OESX
3010,ATPC
3011,NSYS
3012,MRM
3013,MMV
3014,RILYP
3015,SRZN
3016,ADOC
3017,YQ
3018,HUGE
3019,GTIM
3020,NMTC
3021,DUOT
3022,CASA
3023,TCRT
3024,SLGL
3025,BIOR
3026,HLTH
3027,SOHOB
3028,RAVE
3029,SOHO
3030,APWC
3031,SONM
3032,SOLO
3033,GTEC
3034,OCCIN
3035,SAI
3036,XGN
3037,STBX
3038,MLGO
3039,ETAO
3040,TCTM
3041,CHR
3042,UONE
3043,SNSE
3044,GFAI
3045,BANFP
3046,SNT
3047,QOMO
3048,ANY
3049,GDTC
3050,DTCK
3051,PEV
3052,ONMD
3053,HTOO
3054,BBGI
3055,SMSI
3056,CCLDP
3057,ALRN
3058,MIGI
3059,CPSH
3060,ULY
3061,CPIX
3062,FPAY
3063,ATER
3064,BFRG
3065,CLPS
3066,BYU
3067,UBX
3068,CDIO
3069,RDIB
3070,USEG
3071,NXPL
3072,GMM
3073,SOHOO
3074,LSTA
3075,PALT
3076,WVVI
3077,FBRX
3078,SWAG
3079,ABIO
3080,OCX
3081,IINN
3082,PPHP
3083,FGBIP
3084,NCTY
3085,RENT
3086,XOMAP
3087,EKSO
3088,TXMD
3089,BCLI
3090,PRST
3091,ONCT
3092,AAGR
3093,GDHG
3094,ISPO
3095,SYRA
3096,NMHI
3097,TCJH
3098,MEDS
3099,BANL
3100,USEA
3101,LRHC
3102,DMTK
3103,UGRO
3104,APTO
3105,MEIP
3106,LUMO
3107,MOVE
3108,UTSI
3109,DLPN
3110,MNSBP
3111,VWE
3112,YGF
3113,WHLM
3114,NEPH
3115,HOFV
3116,EPOW
3117,PSHG
3118,SLNA
3119,QTI
3120,KOSS
3121,OCC
3122,CSLR
3123,XPON
3124,SOHON
3125,NRSN
3126,IPDN
3127,CWD
3128,RMCF
3129,TMTCU
3130,SGRP
3131,VIVK
3132,LPCN
3133,KYCH
3134,GBNY
3135,BIAF
3136,MYNZ
3137,HKIT
3138,AGBA
3139,SEED
3140,MRAI
3141,TRUG
3142,LABP
3143,QLI
3144,PYPD
3145,PIXY
3146,SGMA
3147,GVH
3148,OMH
3149,KALA
3150,AKLI
3151,GLTO
3152,NRBO
3153,ITRM
3154,WBUY
3155,XTIA
3156,JYD
3157,AIRTP
3158,VRAR
3159,TNXP
3160,SDOT
3161,JG
3162,CHSN
3163,CMAX
3164,OP
3165,PIRS
3166,HTCR
3167,DALN
3168,RVYL
3169,GIPR
3170,BREA
3171,SYBX
3172,PMCB
3173,SOGP
3174,DTSS
3175,VRM
3176,XELB
3177,AXDX
3178,INDP
3179,RCON
3180,NEON
3181,SVRE
3182,SNTI
3183,SANW
3184,MINM
3185,HWH
3186,OCCIO
3187,BTCS
3188,SPI
3189,NTRB
3190,IMPPP
3191,LITM
3192,TAIT
3193,ALPP
3194,XLO
3195,JCTCF
3196,CNTG
3197,CCLD
3198,NERV
3199,TFFP
3200,BENF
3201,TLPH
3202,MHUA
3203,GYRO
3204,LIQT
3205,CNTX
3206,MIRA
3207,BMRA
3208,ZKIN
3209,FTFT
3210,RGS
3211,NISN
3212,ELBM
3213,STRRP
3214,PAVM
3215,AMPG
3216,INHD
3217,SQFT
3218,NCNA
3219,MINDP
3220,MGIH
3221,HRYU
3222,FRES
3223,PETV
3224,ONTX
3225,CNVS
3226,JAGX
3227,PPBT
3228,PMD
3229,SSKN
3230,TSRI
3231,TCON
3232,GLBZ
3233,TRIB
3234,TLIS
3235,EDUC
3236,IPW
3237,SQFTP
3238,ASLN
3239,AIH
3240,NXGL
3241,BFI
3242,MCVT
3243,STKH
3244,HLP
3245,AYTU
3246,FGFPP
3247,SGLY
3248,MTEX
3249,PBM
3250,SIDU
3251,BOSC
3252,ACOR
3253,PT
3254,COCP
3255,EDTK
3256,CANB
3257,RNXT
3258,SPEC
3259,XELA
3260,TTOO
3261,BRFH
3262,KRKR
3263,ZAPP
3264,SRM
3265,MBOT
3266,PNBK
3267,RDHL
3268,ATHE
3269,SPPL
3270,ASTC
3271,FRSX
3272,IMRN
3273,PWM
3274,TOMZ
3275,GIPRU
3276,EVAX
3277,BTCY
3278,CISO
3279,STRR
3280,IVDA
3281,MVLA
3282,NTBL
3283,JNVR
3284,GIGM
3285,LASE
3286,MDJH
3287,KPRX
3288,MBRX
3289,WKSP
3290,BGLC
3291,PAVS
3292,HGAS
3293,ELSE
3294,BNTC
3295,EDSA
3296,VBIV
3297,TBIO
3298,YJ
3299,WLDS
3300,FGI
3301,YGMZ
3302,CNFR
3303,MDIA
3304,AHI
3305,VRME
3306,TURB
3307,GRTX
3308,CYN
3309,XTLB
3310,FMST
3311,ADXN
3312,PETZ
3313,MDRR
3314,ELAB
3315,ASTR
3316,JAN
3317,IKT
3318,MEGL
3319,MMAT
3320,NUKK
3321,AKTX
3322,EEIQ
3323,DOMH
3324,GURE
3325,IDEX
3326,WRNT
3327,DCFC
3328,NCRA
3329,CPOP
3330,CHEK
3331,ERNA
3332,INBS
3333,OLB
3334,MBIO
3335,CHNR
3336,WHLR
3337,KITT
3338,CLVSQ
3339,GRNQ
3340,VEEE
3341,ICCT
3342,GHSI
3343,UPXI
3344,MNPR
3345,COSM
3346,BNZI
3347,SHPW
3348,ABVC
3349,DPRO
3350,GSUN
3351,CMMB
3352,ADN
3353,PXSAP
3354,COEP
3355,RVSN
3356,MTEK
3357,CLWT
3358,BNOX
3359,TKLF
3360,BLIN
3361,CAUD
3362,RGF
3363,LDWY
3364,ROMA
3365,BHAT
3366,LKCO
3367,CTHR
3368,OSA
3369,POAI
3370,BTBD
3371,FLGC
3372,ARTW
3373,GENE
3374,ONVO
3375,WATT
3376,BCDA
3377,HEPA
3378,AEZS
3379,HUBC
3380,UXIN
3381,ATIF
3382,WLGS
3383,SGD
3384,TRVN
3385,JEWL
3386,NVOS
3387,VCNX
3388,CVKD
3389,AIHS
3390,CREG
3391,WETG
3392,MTEM
3393,LIDR
3394,GV
3395,EZGO
3396,HCTI
3397,SLNHP
3398,DXYN
3399,FWBI
3400,HIHO
3401,LGVN
3402,ENG
3403,ISUN
3404,CYCN
3405,SPGC
3406,PRTG
3407,BLBX
3408,ILAG
3409,IDAI
3410,XRTX
3411,OTRK
3412,NDRA
3413,ELWS
3414,PRPO
3415,AIMD
3416,JTAI
3417,APDN
3418,RAYA
3419,GXAI
3420,WAFU
3421,BOF
3422,OST
3423,GDC
3424,MARPS
3425,FATBB
3426,PIK
3427,POLA
3428,VSME
3429,SLE
3430,HSCS
3431,AQB
3432,LEDS
3433,AYRO
3434,SVMH
3435,PSTV
3436,EIGR
3437,VISL
3438,CARV
3439,AEHL
3440,SOBR
3441,CCLDO
3442,XWEL
3443,NURO
3444,JXJT
3445,JVA
3446,EGOX
3447,EZFL
3448,SCKT
3449,QH
3450,HPCO
3451,SEEL
3452,KXIN
3453,FRZA
3454,NEXI
3455,DGLY
3456,ALZN
3457,MSGM
3458,EFOI
3459,KZIA
3460,BOXL
3461,IMNN
3462,VERB
3463,CELZ
3464,MIND
3465,RETO
3466,LQR
3467,LMFA
3468,KTTA
3469,ASST
3470,SHPH
3471,GVP
3472,ATXI
3473,VMAR
3474,MICS
3475,CLVR
3476,TENX
3477,MOB
3478,INTZ
3479,VIRI
3480,LCFY
3481,TGL
3482,GCTK
3483,SNGX
3484,IFBD
3485,UPC
3486,CNET
3487,WAVE
3488,XBIO
3489,BFRI
3490,OXBR
3491,LTRY
3492,BRTX
3493,SONN
3494,AEI
3495,HOTH
3496,SNTG
3497,ENVB
3498,BON
3499,GPAK
3500,ZVSA
3501,LFLY
3502,ADD
3503,BNRG
3504,LUXHP
3505,VVOS
3506,XXII
3507,FORD
3508,CYCCP
3509,YOSH
3510,PULM
3511,WHLRP
3512,MNTS
3513,PTIX
3514,MYMD
3515,OMQS
3516,MRIN
3517,CNXA
3518,KA
3519,AMST
3520,MGOL
3521,GTBP
3522,WAVD
3523,DRUG
3524,ESGL
3525,THMO
3526,XELAP
3527,GNPX
3528,JOAN
3529,SILO
3530,AVGR
3531,FAMI
3532,NLSP
3533,SBFM
3534,AFIB
3535,XCUR
3536,LIPO
3537,BTCT
3538,VJET
3539,TTNP
3540,SISI
3541,KWE
3542,THAR
3543,SLNH
3544,OPGN
3545,IMTE
3546,VS
3547,LIXT
3548,TRNR
3549,BAOS
3550,VRPX
3551,CJJD
3552,SOPA
3553,VIEW
3554,AUUD
3555,EVOK
3556,SMX
3557,ANTE
3558,STSS
3559,CSSE
3560,PCSA
3561,BSGM
3562,AWIN
3563,MDRRP
3564,PXMD
3565,CETX
3566,FUV
3567,WORX
3568,ARTL
3569,VVPR
3570,MDGS
3571,CEAD
3572,CISS
3573,OCG
3574,CDZIP
3575,PALI
3576,GGE
3577,CAMP
3578,MGAM
3579,FNCH
3580,SBET
3581,AEMD
3582,NTRP
3583,PSNYW
3584,JCSE
3585,IMCC
3586,GOVX
3587,AGFY
3588,NXTP
3589,VERO
3590,MCAF
3591,LUCY
3592,IONM
3593,RSLS
3594,HSDT
3595,SNPX
3596,PEGY
3597,WKEY
3598,ZCMD
3599,ATXG
3600,NBSE
3601,SNES
3602,FFIE
3603,CMND
3604,AUVIP
3605,DBGI
3606,KAVL
3607,PRZO
3608,ONCO
3609,FRGT
3610,CLEU
3611,EJH
3612,SGBX
3613,AVTX
3614,KTRA
3615,NVVE
3616,DATS
3617,BIOL
3618,ALBT
3619,BKYI
3620,MGRX
3621,LYT
3622,NXL
3623,NITO
3624,WNW
3625,UCAR
3626,PRFX
3627,WINT
3628,OCTO
3629,ASNS
3630,SXTP
3631,REBN
3632,PTPI
3633,NUWE
3634,CING
3635,SECO
3636,CNSP
3637,SNAX
3638,CYCC
3639,BPTH
3640,YTEN
3641,ADIL
3642,LGHL
3643,ATNF
3644,CNEY
3645,ONFO
3646,BDRX
3647,BSFC
3648,APVO
3649,JWEL
3650,TC
3651,ISPC
3652,OBLG
3653,RKDA
3654,TNON
3655,CYTO
3656,TANH
3657,INVO
3658,ACON
3659,MOTS
3660,PHIO
3661,VINO
3662,ENSC
3663,BCAN
3664,RCRT
3665,BPTS
3666,NVFY
3667,NCPL
3668,STAF
3669,SLRX
3670,LSDI
3671,GWAV
3672,SCNI
3673,DUO
3674,INM
3675,DYNT
3676,TAOP
3677,ALLR
3678,SNOA
3679,TCBP
3680,EAST
3681,BBLG
3682,GNLN
3683,AUVI
3684,PRSO
3685,CRKN
3686,VRAX
3687,NUZE
3688,GROM
3689,QLGN
3690,NAOV
3691,RELI
3692,TIVC
3693,EDBL
3694,TBLT
3695,CSSEP
3696,AREB
3697,AKAN
3698,NXU
3699,TIRX
3700,WISA
3701,SPCB
3702,SYTA
3703,BACK
3704,SPRC
3705,ASTI
3706,LGMK
3707,BJDX
3708,AGRX
3709,IVP
3710,ADTX
3711,DRMA
3712,JFBR
3713,UK
3714,GLMD
3715,MYSZ
3716,REVB
3717,SXTC
3718,RMCO
3719,BRSH
3720,QNRX
3721,VLCN
3722,AGRI
3723,SINT
3724,SMFL
3725,GRI
3726,RNAZ
3727,FRMEP
3728,FLJ
3729,BHFAL
3730,OPINL
3731,SPWRV
3732,MAXNV
3733,MCACR
3734,SPEL
3735,MVNR
3736,BREZR
3737,ADOCR
3738,HROWL
3739,RILYK
3740,MBTCR
3741,SNCRL
3742,METCL
3743,MCAFR
3744,RILYZ
3745,IMAQR
3746,WHLRL
3747,CLOER
3748,NOVVR
3749,WINVR
3750,PPHPR
3751,GREEL
3752,BNIXR
3753,ARBKL
3754,FOSLL
3755,HHGCR
3756,ATLCL
3757,MCAGR
3758,RILYG
3759,GLLIR
3760,BLEUR
3761,FEXDR
3762,ALSAR
3763,IGTAR
3764,WTMAR
3765,KACLR
3766,NVACR
3767,BRACR
3768,AIBBR
3769,CSLMR
3770,BWAQR
3771,ASCAR
3772,KYCHR
3773,GDSTR
3774,RFACR
3775,ASCBR
3776,MSSAR
3777,RWODR
3778,CLRCR
3779,GBBKR
3780,YOTAR
3781,FLFVR
3782,EMCGR
3783,AQUNR
3784,GLSTR
3785,SVIIR
3786,TENKR
3787,QOMOR
3788,HUDAR
3789,HROWM
3790,PLTNR
3791,ATMCR
3792,ATMVR
3793,HSPOR
3794,BLACR
3795,MARXR
3796,CETUR
3797,DISTR
3798,TMTCR
3799,TBMCR
3800,OAKUR
3801,GODNR
3802,ESHAR
3803,BUJAR
3804,BOWNR
3805,SWKHL
3806,NNAGR
3807,ABLLL
3808,QETAR
3809,GLACR
3810,IBLUU
3811,BAYAR
3812,AITRR
3813,AFJKR
3814,PMNT
3815,ATLCZ
3816,IROHR
3817,JVSAR
3818,LOBO
3819,BKHAU
